!;!
#;#
$;$
%;%
&;&
(;(
);)
+/-;+/-
-;-
.;.
/;/
0;0
0: Zeit;0: Zeit
1;1
101.01-04;101.01-04
101.10;101.10
101.11;101.11
101.12;101.12
101D07;101D07
101X05;101X05
101Z06;101Z06
102.07;102.07
102.35;102.35
102.36;102.36
102.37;102.37
102.41;102.41
102X12;102X12
102Y14;102Y14
102Y40;102Y40
102Y44;102Y44
102Z15;102Z15
102Z16;102Z16
102Z17;102Z17
102Z18;102Z18
102Z19;102Z19
102Z46;102Z46
102Z47;102Z47
102Z48;102Z48
102Z49;102Z49
103.01;103.01
103.02;103.02
103.03;103.03
103.20;103.20
103.21;103.21
104.01;104.01
104.02;104.02
104.03;104.03
104.04;104.04
105.01;105.01
105.02;105.02
105.03;105.03
105.04;105.04
105.20;105.20
105.21;105.21
110.05;110.05
110.06;110.06
110.20;110.20
110Y01;110Y01
110Z02;110Z02
110Z03;110Z03
110Z04;110Z04
115.05;115.05
115.06;115.06
115.20;115.20
115Y01;115Y01
115Z02;115Z02
115Z03;115Z03
1: Energie;1: Energie
2;2
21.101;21.101
2: Leistung;2: Leistung
3;3
3: Kontinuierlich;3: Kontinuierlich
4;4
4: Weg DIF;4: Weg DIF
5;5
5: Weg ABS;5: Weg ABS
6;6
7;7
8;8
9;9
:;:
=;=
?;?
@;@
A;A
ABC;ABC
ACHSEN 1;ACHSEN 1
ALARM;ALARM
ALRLIST0_1;ALRLIST0_1
ALRLIST0_10;ALRLIST0_10
ALRLIST0_100;ALRLIST0_100
ALRLIST0_101;ALRLIST0_101
ALRLIST0_102;ALRLIST0_102
ALRLIST0_103;ALRLIST0_103
ALRLIST0_104;ALRLIST0_104
ALRLIST0_105;ALRLIST0_105
ALRLIST0_106;ALRLIST0_106
ALRLIST0_107;ALRLIST0_107
ALRLIST0_108;ALRLIST0_108
ALRLIST0_109;ALRLIST0_109
ALRLIST0_11;ALRLIST0_11
ALRLIST0_110;ALRLIST0_110
ALRLIST0_111;ALRLIST0_111
ALRLIST0_112;ALRLIST0_112
ALRLIST0_113;ALRLIST0_113
ALRLIST0_114;ALRLIST0_114
ALRLIST0_115;ALRLIST0_115
ALRLIST0_116;ALRLIST0_116
ALRLIST0_117;ALRLIST0_117
ALRLIST0_118;ALRLIST0_118
ALRLIST0_119;ALRLIST0_119
ALRLIST0_12;ALRLIST0_12
ALRLIST0_120;ALRLIST0_120
ALRLIST0_121;ALRLIST0_121
ALRLIST0_122;ALRLIST0_122
ALRLIST0_123;ALRLIST0_123
ALRLIST0_124;ALRLIST0_124
ALRLIST0_125;ALRLIST0_125
ALRLIST0_126;ALRLIST0_126
ALRLIST0_127;ALRLIST0_127
ALRLIST0_128;ALRLIST0_128
ALRLIST0_129;ALRLIST0_129
ALRLIST0_13;ALRLIST0_13
ALRLIST0_130;ALRLIST0_130
ALRLIST0_131;ALRLIST0_131
ALRLIST0_132;ALRLIST0_132
ALRLIST0_133;ALRLIST0_133
ALRLIST0_134;ALRLIST0_134
ALRLIST0_135;ALRLIST0_135
ALRLIST0_136;ALRLIST0_136
ALRLIST0_137;ALRLIST0_137
ALRLIST0_138;ALRLIST0_138
ALRLIST0_139;ALRLIST0_139
ALRLIST0_14;ALRLIST0_14
ALRLIST0_140;ALRLIST0_140
ALRLIST0_141;ALRLIST0_141
ALRLIST0_142;ALRLIST0_142
ALRLIST0_143;ALRLIST0_143
ALRLIST0_144;ALRLIST0_144
ALRLIST0_145;ALRLIST0_145
ALRLIST0_146;ALRLIST0_146
ALRLIST0_147;ALRLIST0_147
ALRLIST0_148;ALRLIST0_148
ALRLIST0_149;ALRLIST0_149
ALRLIST0_15;ALRLIST0_15
ALRLIST0_150;ALRLIST0_150
ALRLIST0_151;ALRLIST0_151
ALRLIST0_152;ALRLIST0_152
ALRLIST0_153;ALRLIST0_153
ALRLIST0_154;ALRLIST0_154
ALRLIST0_155;ALRLIST0_155
ALRLIST0_156;ALRLIST0_156
ALRLIST0_157;ALRLIST0_157
ALRLIST0_158;ALRLIST0_158
ALRLIST0_159;ALRLIST0_159
ALRLIST0_16;ALRLIST0_16
ALRLIST0_160;ALRLIST0_160
ALRLIST0_161;ALRLIST0_161
ALRLIST0_162;ALRLIST0_162
ALRLIST0_163;ALRLIST0_163
ALRLIST0_164;ALRLIST0_164
ALRLIST0_165;ALRLIST0_165
ALRLIST0_166;ALRLIST0_166
ALRLIST0_167;ALRLIST0_167
ALRLIST0_168;ALRLIST0_168
ALRLIST0_169;ALRLIST0_169
ALRLIST0_17;ALRLIST0_17
ALRLIST0_170;ALRLIST0_170
ALRLIST0_171;ALRLIST0_171
ALRLIST0_172;ALRLIST0_172
ALRLIST0_173;ALRLIST0_173
ALRLIST0_174;ALRLIST0_174
ALRLIST0_175;ALRLIST0_175
ALRLIST0_176;ALRLIST0_176
ALRLIST0_177;ALRLIST0_177
ALRLIST0_178;ALRLIST0_178
ALRLIST0_179;ALRLIST0_179
ALRLIST0_18;ALRLIST0_18
ALRLIST0_180;ALRLIST0_180
ALRLIST0_181;ALRLIST0_181
ALRLIST0_182;ALRLIST0_182
ALRLIST0_183;ALRLIST0_183
ALRLIST0_184;ALRLIST0_184
ALRLIST0_185;ALRLIST0_185
ALRLIST0_186;ALRLIST0_186
ALRLIST0_187;ALRLIST0_187
ALRLIST0_188;ALRLIST0_188
ALRLIST0_189;ALRLIST0_189
ALRLIST0_19;ALRLIST0_19
ALRLIST0_190;ALRLIST0_190
ALRLIST0_191;ALRLIST0_191
ALRLIST0_192;ALRLIST0_192
ALRLIST0_193;ALRLIST0_193
ALRLIST0_194;ALRLIST0_194
ALRLIST0_195;ALRLIST0_195
ALRLIST0_196;ALRLIST0_196
ALRLIST0_197;ALRLIST0_197
ALRLIST0_198;ALRLIST0_198
ALRLIST0_199;ALRLIST0_199
ALRLIST0_2;ALRLIST0_2
ALRLIST0_20;ALRLIST0_20
ALRLIST0_200;ALRLIST0_200
ALRLIST0_201;ALRLIST0_201
ALRLIST0_202;ALRLIST0_202
ALRLIST0_203;ALRLIST0_203
ALRLIST0_204;ALRLIST0_204
ALRLIST0_205;ALRLIST0_205
ALRLIST0_206;ALRLIST0_206
ALRLIST0_207;ALRLIST0_207
ALRLIST0_208;ALRLIST0_208
ALRLIST0_209;ALRLIST0_209
ALRLIST0_21;ALRLIST0_21
ALRLIST0_210;ALRLIST0_210
ALRLIST0_211;ALRLIST0_211
ALRLIST0_212;ALRLIST0_212
ALRLIST0_213;ALRLIST0_213
ALRLIST0_214;ALRLIST0_214
ALRLIST0_215;ALRLIST0_215
ALRLIST0_216;ALRLIST0_216
ALRLIST0_217;ALRLIST0_217
ALRLIST0_218;ALRLIST0_218
ALRLIST0_219;ALRLIST0_219
ALRLIST0_22;ALRLIST0_22
ALRLIST0_220;ALRLIST0_220
ALRLIST0_221;ALRLIST0_221
ALRLIST0_222;ALRLIST0_222
ALRLIST0_223;ALRLIST0_223
ALRLIST0_224;ALRLIST0_224
ALRLIST0_225;ALRLIST0_225
ALRLIST0_226;ALRLIST0_226
ALRLIST0_227;ALRLIST0_227
ALRLIST0_228;ALRLIST0_228
ALRLIST0_229;ALRLIST0_229
ALRLIST0_23;ALRLIST0_23
ALRLIST0_230;ALRLIST0_230
ALRLIST0_231;ALRLIST0_231
ALRLIST0_232;ALRLIST0_232
ALRLIST0_233;ALRLIST0_233
ALRLIST0_234;ALRLIST0_234
ALRLIST0_235;ALRLIST0_235
ALRLIST0_236;ALRLIST0_236
ALRLIST0_237;ALRLIST0_237
ALRLIST0_238;ALRLIST0_238
ALRLIST0_239;ALRLIST0_239
ALRLIST0_24;ALRLIST0_24
ALRLIST0_240;ALRLIST0_240
ALRLIST0_241;ALRLIST0_241
ALRLIST0_242;ALRLIST0_242
ALRLIST0_243;ALRLIST0_243
ALRLIST0_244;ALRLIST0_244
ALRLIST0_245;ALRLIST0_245
ALRLIST0_246;ALRLIST0_246
ALRLIST0_247;ALRLIST0_247
ALRLIST0_248;ALRLIST0_248
ALRLIST0_249;ALRLIST0_249
ALRLIST0_25;ALRLIST0_25
ALRLIST0_250;ALRLIST0_250
ALRLIST0_251;ALRLIST0_251
ALRLIST0_252;ALRLIST0_252
ALRLIST0_253;ALRLIST0_253
ALRLIST0_254;ALRLIST0_254
ALRLIST0_255;ALRLIST0_255
ALRLIST0_256;ALRLIST0_256
ALRLIST0_257;ALRLIST0_257
ALRLIST0_258;ALRLIST0_258
ALRLIST0_259;ALRLIST0_259
ALRLIST0_26;ALRLIST0_26
ALRLIST0_260;ALRLIST0_260
ALRLIST0_261;ALRLIST0_261
ALRLIST0_262;ALRLIST0_262
ALRLIST0_263;ALRLIST0_263
ALRLIST0_264;ALRLIST0_264
ALRLIST0_265;ALRLIST0_265
ALRLIST0_266;ALRLIST0_266
ALRLIST0_267;ALRLIST0_267
ALRLIST0_268;ALRLIST0_268
ALRLIST0_269;ALRLIST0_269
ALRLIST0_27;ALRLIST0_27
ALRLIST0_270;ALRLIST0_270
ALRLIST0_271;ALRLIST0_271
ALRLIST0_272;ALRLIST0_272
ALRLIST0_273;ALRLIST0_273
ALRLIST0_274;ALRLIST0_274
ALRLIST0_275;ALRLIST0_275
ALRLIST0_276;ALRLIST0_276
ALRLIST0_277;ALRLIST0_277
ALRLIST0_278;ALRLIST0_278
ALRLIST0_279;ALRLIST0_279
ALRLIST0_28;ALRLIST0_28
ALRLIST0_280;ALRLIST0_280
ALRLIST0_281;ALRLIST0_281
ALRLIST0_282;ALRLIST0_282
ALRLIST0_283;ALRLIST0_283
ALRLIST0_284;ALRLIST0_284
ALRLIST0_285;ALRLIST0_285
ALRLIST0_286;ALRLIST0_286
ALRLIST0_287;ALRLIST0_287
ALRLIST0_288;ALRLIST0_288
ALRLIST0_289;ALRLIST0_289
ALRLIST0_29;ALRLIST0_29
ALRLIST0_290;ALRLIST0_290
ALRLIST0_291;ALRLIST0_291
ALRLIST0_292;ALRLIST0_292
ALRLIST0_293;ALRLIST0_293
ALRLIST0_294;ALRLIST0_294
ALRLIST0_295;ALRLIST0_295
ALRLIST0_296;ALRLIST0_296
ALRLIST0_297;ALRLIST0_297
ALRLIST0_298;ALRLIST0_298
ALRLIST0_299;ALRLIST0_299
ALRLIST0_3;ALRLIST0_3
ALRLIST0_30;ALRLIST0_30
ALRLIST0_300;ALRLIST0_300
ALRLIST0_301;ALRLIST0_301
ALRLIST0_302;ALRLIST0_302
ALRLIST0_303;ALRLIST0_303
ALRLIST0_304;ALRLIST0_304
ALRLIST0_305;ALRLIST0_305
ALRLIST0_306;ALRLIST0_306
ALRLIST0_307;ALRLIST0_307
ALRLIST0_308;ALRLIST0_308
ALRLIST0_309;ALRLIST0_309
ALRLIST0_31;ALRLIST0_31
ALRLIST0_310;ALRLIST0_310
ALRLIST0_311;ALRLIST0_311
ALRLIST0_312;ALRLIST0_312
ALRLIST0_313;ALRLIST0_313
ALRLIST0_314;ALRLIST0_314
ALRLIST0_315;ALRLIST0_315
ALRLIST0_316;ALRLIST0_316
ALRLIST0_317;ALRLIST0_317
ALRLIST0_318;ALRLIST0_318
ALRLIST0_319;ALRLIST0_319
ALRLIST0_32;ALRLIST0_32
ALRLIST0_320;ALRLIST0_320
ALRLIST0_321;ALRLIST0_321
ALRLIST0_322;ALRLIST0_322
ALRLIST0_323;ALRLIST0_323
ALRLIST0_324;ALRLIST0_324
ALRLIST0_325;ALRLIST0_325
ALRLIST0_326;ALRLIST0_326
ALRLIST0_327;ALRLIST0_327
ALRLIST0_328;ALRLIST0_328
ALRLIST0_329;ALRLIST0_329
ALRLIST0_33;ALRLIST0_33
ALRLIST0_330;ALRLIST0_330
ALRLIST0_331;ALRLIST0_331
ALRLIST0_332;ALRLIST0_332
ALRLIST0_333;ALRLIST0_333
ALRLIST0_334;ALRLIST0_334
ALRLIST0_335;ALRLIST0_335
ALRLIST0_336;ALRLIST0_336
ALRLIST0_337;ALRLIST0_337
ALRLIST0_338;ALRLIST0_338
ALRLIST0_339;ALRLIST0_339
ALRLIST0_34;ALRLIST0_34
ALRLIST0_340;ALRLIST0_340
ALRLIST0_341;ALRLIST0_341
ALRLIST0_342;ALRLIST0_342
ALRLIST0_343;ALRLIST0_343
ALRLIST0_344;ALRLIST0_344
ALRLIST0_345;ALRLIST0_345
ALRLIST0_346;ALRLIST0_346
ALRLIST0_347;ALRLIST0_347
ALRLIST0_348;ALRLIST0_348
ALRLIST0_349;ALRLIST0_349
ALRLIST0_35;ALRLIST0_35
ALRLIST0_350;ALRLIST0_350
ALRLIST0_351;ALRLIST0_351
ALRLIST0_352;ALRLIST0_352
ALRLIST0_353;ALRLIST0_353
ALRLIST0_354;ALRLIST0_354
ALRLIST0_355;ALRLIST0_355
ALRLIST0_356;ALRLIST0_356
ALRLIST0_357;ALRLIST0_357
ALRLIST0_358;ALRLIST0_358
ALRLIST0_359;ALRLIST0_359
ALRLIST0_36;ALRLIST0_36
ALRLIST0_360;ALRLIST0_360
ALRLIST0_361;ALRLIST0_361
ALRLIST0_362;ALRLIST0_362
ALRLIST0_363;ALRLIST0_363
ALRLIST0_364;ALRLIST0_364
ALRLIST0_365;ALRLIST0_365
ALRLIST0_366;ALRLIST0_366
ALRLIST0_367;ALRLIST0_367
ALRLIST0_368;ALRLIST0_368
ALRLIST0_369;ALRLIST0_369
ALRLIST0_37;ALRLIST0_37
ALRLIST0_370;ALRLIST0_370
ALRLIST0_371;ALRLIST0_371
ALRLIST0_372;ALRLIST0_372
ALRLIST0_373;ALRLIST0_373
ALRLIST0_374;ALRLIST0_374
ALRLIST0_375;ALRLIST0_375
ALRLIST0_376;ALRLIST0_376
ALRLIST0_377;ALRLIST0_377
ALRLIST0_378;ALRLIST0_378
ALRLIST0_379;ALRLIST0_379
ALRLIST0_38;ALRLIST0_38
ALRLIST0_380;ALRLIST0_380
ALRLIST0_381;ALRLIST0_381
ALRLIST0_382;ALRLIST0_382
ALRLIST0_383;ALRLIST0_383
ALRLIST0_384;ALRLIST0_384
ALRLIST0_385;ALRLIST0_385
ALRLIST0_386;ALRLIST0_386
ALRLIST0_387;ALRLIST0_387
ALRLIST0_388;ALRLIST0_388
ALRLIST0_389;ALRLIST0_389
ALRLIST0_39;ALRLIST0_39
ALRLIST0_390;ALRLIST0_390
ALRLIST0_391;ALRLIST0_391
ALRLIST0_392;ALRLIST0_392
ALRLIST0_393;ALRLIST0_393
ALRLIST0_394;ALRLIST0_394
ALRLIST0_395;ALRLIST0_395
ALRLIST0_396;ALRLIST0_396
ALRLIST0_397;ALRLIST0_397
ALRLIST0_398;ALRLIST0_398
ALRLIST0_399;ALRLIST0_399
ALRLIST0_4;ALRLIST0_4
ALRLIST0_40;ALRLIST0_40
ALRLIST0_400;ALRLIST0_400
ALRLIST0_401;ALRLIST0_401
ALRLIST0_402;ALRLIST0_402
ALRLIST0_403;ALRLIST0_403
ALRLIST0_404;ALRLIST0_404
ALRLIST0_405;ALRLIST0_405
ALRLIST0_406;ALRLIST0_406
ALRLIST0_407;ALRLIST0_407
ALRLIST0_408;ALRLIST0_408
ALRLIST0_409;ALRLIST0_409
ALRLIST0_41;ALRLIST0_41
ALRLIST0_410;ALRLIST0_410
ALRLIST0_411;ALRLIST0_411
ALRLIST0_412;ALRLIST0_412
ALRLIST0_413;ALRLIST0_413
ALRLIST0_414;ALRLIST0_414
ALRLIST0_415;ALRLIST0_415
ALRLIST0_416;ALRLIST0_416
ALRLIST0_417;ALRLIST0_417
ALRLIST0_418;ALRLIST0_418
ALRLIST0_419;ALRLIST0_419
ALRLIST0_42;ALRLIST0_42
ALRLIST0_420;ALRLIST0_420
ALRLIST0_421;ALRLIST0_421
ALRLIST0_422;ALRLIST0_422
ALRLIST0_423;ALRLIST0_423
ALRLIST0_424;ALRLIST0_424
ALRLIST0_425;ALRLIST0_425
ALRLIST0_426;ALRLIST0_426
ALRLIST0_427;ALRLIST0_427
ALRLIST0_428;ALRLIST0_428
ALRLIST0_429;ALRLIST0_429
ALRLIST0_43;ALRLIST0_43
ALRLIST0_430;ALRLIST0_430
ALRLIST0_431;ALRLIST0_431
ALRLIST0_432;ALRLIST0_432
ALRLIST0_433;ALRLIST0_433
ALRLIST0_434;ALRLIST0_434
ALRLIST0_435;ALRLIST0_435
ALRLIST0_436;ALRLIST0_436
ALRLIST0_437;ALRLIST0_437
ALRLIST0_438;ALRLIST0_438
ALRLIST0_439;ALRLIST0_439
ALRLIST0_44;ALRLIST0_44
ALRLIST0_440;ALRLIST0_440
ALRLIST0_441;ALRLIST0_441
ALRLIST0_442;ALRLIST0_442
ALRLIST0_443;ALRLIST0_443
ALRLIST0_444;ALRLIST0_444
ALRLIST0_445;ALRLIST0_445
ALRLIST0_446;ALRLIST0_446
ALRLIST0_447;ALRLIST0_447
ALRLIST0_448;ALRLIST0_448
ALRLIST0_449;ALRLIST0_449
ALRLIST0_45;ALRLIST0_45
ALRLIST0_450;ALRLIST0_450
ALRLIST0_451;ALRLIST0_451
ALRLIST0_452;ALRLIST0_452
ALRLIST0_453;ALRLIST0_453
ALRLIST0_454;ALRLIST0_454
ALRLIST0_455;ALRLIST0_455
ALRLIST0_456;ALRLIST0_456
ALRLIST0_457;ALRLIST0_457
ALRLIST0_458;ALRLIST0_458
ALRLIST0_459;ALRLIST0_459
ALRLIST0_46;ALRLIST0_46
ALRLIST0_460;ALRLIST0_460
ALRLIST0_461;ALRLIST0_461
ALRLIST0_462;ALRLIST0_462
ALRLIST0_463;ALRLIST0_463
ALRLIST0_464;ALRLIST0_464
ALRLIST0_465;ALRLIST0_465
ALRLIST0_466;ALRLIST0_466
ALRLIST0_467;ALRLIST0_467
ALRLIST0_468;ALRLIST0_468
ALRLIST0_469;ALRLIST0_469
ALRLIST0_47;ALRLIST0_47
ALRLIST0_470;ALRLIST0_470
ALRLIST0_471;ALRLIST0_471
ALRLIST0_472;ALRLIST0_472
ALRLIST0_473;ALRLIST0_473
ALRLIST0_474;ALRLIST0_474
ALRLIST0_475;ALRLIST0_475
ALRLIST0_476;ALRLIST0_476
ALRLIST0_477;ALRLIST0_477
ALRLIST0_478;ALRLIST0_478
ALRLIST0_479;ALRLIST0_479
ALRLIST0_48;ALRLIST0_48
ALRLIST0_480;ALRLIST0_480
ALRLIST0_481;ALRLIST0_481
ALRLIST0_482;ALRLIST0_482
ALRLIST0_483;ALRLIST0_483
ALRLIST0_484;ALRLIST0_484
ALRLIST0_485;ALRLIST0_485
ALRLIST0_486;ALRLIST0_486
ALRLIST0_487;ALRLIST0_487
ALRLIST0_488;ALRLIST0_488
ALRLIST0_489;ALRLIST0_489
ALRLIST0_49;ALRLIST0_49
ALRLIST0_490;ALRLIST0_490
ALRLIST0_491;ALRLIST0_491
ALRLIST0_492;ALRLIST0_492
ALRLIST0_493;ALRLIST0_493
ALRLIST0_494;ALRLIST0_494
ALRLIST0_495;ALRLIST0_495
ALRLIST0_496;ALRLIST0_496
ALRLIST0_497;ALRLIST0_497
ALRLIST0_498;ALRLIST0_498
ALRLIST0_499;ALRLIST0_499
ALRLIST0_5;ALRLIST0_5
ALRLIST0_50;ALRLIST0_50
ALRLIST0_500;ALRLIST0_500
ALRLIST0_5001;ALRLIST0_5001
ALRLIST0_5002;ALRLIST0_5002
ALRLIST0_5003;ALRLIST0_5003
ALRLIST0_5004;ALRLIST0_5004
ALRLIST0_5005;ALRLIST0_5005
ALRLIST0_5006;ALRLIST0_5006
ALRLIST0_5007;ALRLIST0_5007
ALRLIST0_5008;ALRLIST0_5008
ALRLIST0_5009;ALRLIST0_5009
ALRLIST0_501;ALRLIST0_501
ALRLIST0_5010;ALRLIST0_5010
ALRLIST0_5011;ALRLIST0_5011
ALRLIST0_5012;ALRLIST0_5012
ALRLIST0_5013;ALRLIST0_5013
ALRLIST0_5014;ALRLIST0_5014
ALRLIST0_5015;ALRLIST0_5015
ALRLIST0_5016;ALRLIST0_5016
ALRLIST0_5017;ALRLIST0_5017
ALRLIST0_5018;ALRLIST0_5018
ALRLIST0_5019;ALRLIST0_5019
ALRLIST0_502;ALRLIST0_502
ALRLIST0_5020;ALRLIST0_5020
ALRLIST0_5021;ALRLIST0_5021
ALRLIST0_5022;ALRLIST0_5022
ALRLIST0_5023;ALRLIST0_5023
ALRLIST0_5024;ALRLIST0_5024
ALRLIST0_5025;ALRLIST0_5025
ALRLIST0_5026;ALRLIST0_5026
ALRLIST0_5027;ALRLIST0_5027
ALRLIST0_5028;ALRLIST0_5028
ALRLIST0_5029;ALRLIST0_5029
ALRLIST0_503;ALRLIST0_503
ALRLIST0_5030;ALRLIST0_5030
ALRLIST0_5031;ALRLIST0_5031
ALRLIST0_5032;ALRLIST0_5032
ALRLIST0_5033;ALRLIST0_5033
ALRLIST0_5034;ALRLIST0_5034
ALRLIST0_5035;ALRLIST0_5035
ALRLIST0_5036;ALRLIST0_5036
ALRLIST0_5037;ALRLIST0_5037
ALRLIST0_5038;ALRLIST0_5038
ALRLIST0_5039;ALRLIST0_5039
ALRLIST0_504;ALRLIST0_504
ALRLIST0_5040;ALRLIST0_5040
ALRLIST0_5041;ALRLIST0_5041
ALRLIST0_5042;ALRLIST0_5042
ALRLIST0_5043;ALRLIST0_5043
ALRLIST0_5044;ALRLIST0_5044
ALRLIST0_5045;ALRLIST0_5045
ALRLIST0_5046;ALRLIST0_5046
ALRLIST0_5047;ALRLIST0_5047
ALRLIST0_5048;ALRLIST0_5048
ALRLIST0_5049;ALRLIST0_5049
ALRLIST0_505;ALRLIST0_505
ALRLIST0_5050;ALRLIST0_5050
ALRLIST0_5051;ALRLIST0_5051
ALRLIST0_5052;ALRLIST0_5052
ALRLIST0_5053;ALRLIST0_5053
ALRLIST0_5054;ALRLIST0_5054
ALRLIST0_5055;ALRLIST0_5055
ALRLIST0_5056;ALRLIST0_5056
ALRLIST0_5057;ALRLIST0_5057
ALRLIST0_5058;ALRLIST0_5058
ALRLIST0_5059;ALRLIST0_5059
ALRLIST0_506;ALRLIST0_506
ALRLIST0_5060;ALRLIST0_5060
ALRLIST0_5061;ALRLIST0_5061
ALRLIST0_5062;ALRLIST0_5062
ALRLIST0_5063;ALRLIST0_5063
ALRLIST0_5064;ALRLIST0_5064
ALRLIST0_5065;ALRLIST0_5065
ALRLIST0_5066;ALRLIST0_5066
ALRLIST0_5067;ALRLIST0_5067
ALRLIST0_5068;ALRLIST0_5068
ALRLIST0_5069;ALRLIST0_5069
ALRLIST0_507;ALRLIST0_507
ALRLIST0_5070;ALRLIST0_5070
ALRLIST0_5071;ALRLIST0_5071
ALRLIST0_5072;ALRLIST0_5072
ALRLIST0_5073;ALRLIST0_5073
ALRLIST0_5074;ALRLIST0_5074
ALRLIST0_5075;ALRLIST0_5075
ALRLIST0_5076;ALRLIST0_5076
ALRLIST0_5077;ALRLIST0_5077
ALRLIST0_5078;ALRLIST0_5078
ALRLIST0_5079;ALRLIST0_5079
ALRLIST0_508;ALRLIST0_508
ALRLIST0_5080;ALRLIST0_5080
ALRLIST0_5081;ALRLIST0_5081
ALRLIST0_5082;ALRLIST0_5082
ALRLIST0_5083;ALRLIST0_5083
ALRLIST0_5084;ALRLIST0_5084
ALRLIST0_5085;ALRLIST0_5085
ALRLIST0_5086;ALRLIST0_5086
ALRLIST0_5087;ALRLIST0_5087
ALRLIST0_5088;ALRLIST0_5088
ALRLIST0_5089;ALRLIST0_5089
ALRLIST0_509;ALRLIST0_509
ALRLIST0_5090;ALRLIST0_5090
ALRLIST0_5091;ALRLIST0_5091
ALRLIST0_5092;ALRLIST0_5092
ALRLIST0_5093;ALRLIST0_5093
ALRLIST0_5094;ALRLIST0_5094
ALRLIST0_5095;ALRLIST0_5095
ALRLIST0_5096;ALRLIST0_5096
ALRLIST0_5097;ALRLIST0_5097
ALRLIST0_5098;ALRLIST0_5098
ALRLIST0_5099;ALRLIST0_5099
ALRLIST0_51;ALRLIST0_51
ALRLIST0_510;ALRLIST0_510
ALRLIST0_5101;ALRLIST0_5101
ALRLIST0_5102;ALRLIST0_5102
ALRLIST0_5103;ALRLIST0_5103
ALRLIST0_5104;ALRLIST0_5104
ALRLIST0_5105;ALRLIST0_5105
ALRLIST0_5106;ALRLIST0_5106
ALRLIST0_5107;ALRLIST0_5107
ALRLIST0_5108;ALRLIST0_5108
ALRLIST0_5109;ALRLIST0_5109
ALRLIST0_511;ALRLIST0_511
ALRLIST0_5110;ALRLIST0_5110
ALRLIST0_5111;ALRLIST0_5111
ALRLIST0_5112;ALRLIST0_5112
ALRLIST0_5113;ALRLIST0_5113
ALRLIST0_5114;ALRLIST0_5114
ALRLIST0_5115;ALRLIST0_5115
ALRLIST0_5116;ALRLIST0_5116
ALRLIST0_5117;ALRLIST0_5117
ALRLIST0_5118;ALRLIST0_5118
ALRLIST0_5119;ALRLIST0_5119
ALRLIST0_512;ALRLIST0_512
ALRLIST0_5120;ALRLIST0_5120
ALRLIST0_5121;ALRLIST0_5121
ALRLIST0_5122;ALRLIST0_5122
ALRLIST0_5123;ALRLIST0_5123
ALRLIST0_5124;ALRLIST0_5124
ALRLIST0_5125;ALRLIST0_5125
ALRLIST0_5126;ALRLIST0_5126
ALRLIST0_5127;ALRLIST0_5127
ALRLIST0_5128;ALRLIST0_5128
ALRLIST0_5129;ALRLIST0_5129
ALRLIST0_513;ALRLIST0_513
ALRLIST0_5130;ALRLIST0_5130
ALRLIST0_5131;ALRLIST0_5131
ALRLIST0_5132;ALRLIST0_5132
ALRLIST0_5133;ALRLIST0_5133
ALRLIST0_5134;ALRLIST0_5134
ALRLIST0_5135;ALRLIST0_5135
ALRLIST0_5136;ALRLIST0_5136
ALRLIST0_5137;ALRLIST0_5137
ALRLIST0_5138;ALRLIST0_5138
ALRLIST0_5139;ALRLIST0_5139
ALRLIST0_514;ALRLIST0_514
ALRLIST0_5140;ALRLIST0_5140
ALRLIST0_5141;ALRLIST0_5141
ALRLIST0_5142;ALRLIST0_5142
ALRLIST0_5143;ALRLIST0_5143
ALRLIST0_5144;ALRLIST0_5144
ALRLIST0_5145;ALRLIST0_5145
ALRLIST0_5146;ALRLIST0_5146
ALRLIST0_5147;ALRLIST0_5147
ALRLIST0_5148;ALRLIST0_5148
ALRLIST0_5149;ALRLIST0_5149
ALRLIST0_515;ALRLIST0_515
ALRLIST0_5150;ALRLIST0_5150
ALRLIST0_5151;ALRLIST0_5151
ALRLIST0_5152;ALRLIST0_5152
ALRLIST0_5153;ALRLIST0_5153
ALRLIST0_5154;ALRLIST0_5154
ALRLIST0_5155;ALRLIST0_5155
ALRLIST0_5156;ALRLIST0_5156
ALRLIST0_5157;ALRLIST0_5157
ALRLIST0_5158;ALRLIST0_5158
ALRLIST0_5159;ALRLIST0_5159
ALRLIST0_516;ALRLIST0_516
ALRLIST0_5160;ALRLIST0_5160
ALRLIST0_5161;ALRLIST0_5161
ALRLIST0_5162;ALRLIST0_5162
ALRLIST0_5163;ALRLIST0_5163
ALRLIST0_5164;ALRLIST0_5164
ALRLIST0_5165;ALRLIST0_5165
ALRLIST0_5166;ALRLIST0_5166
ALRLIST0_5167;ALRLIST0_5167
ALRLIST0_5168;ALRLIST0_5168
ALRLIST0_5169;ALRLIST0_5169
ALRLIST0_517;ALRLIST0_517
ALRLIST0_5170;ALRLIST0_5170
ALRLIST0_5171;ALRLIST0_5171
ALRLIST0_5172;ALRLIST0_5172
ALRLIST0_5173;ALRLIST0_5173
ALRLIST0_5174;ALRLIST0_5174
ALRLIST0_5175;ALRLIST0_5175
ALRLIST0_5176;ALRLIST0_5176
ALRLIST0_5177;ALRLIST0_5177
ALRLIST0_5178;ALRLIST0_5178
ALRLIST0_5179;ALRLIST0_5179
ALRLIST0_518;ALRLIST0_518
ALRLIST0_5180;ALRLIST0_5180
ALRLIST0_5181;ALRLIST0_5181
ALRLIST0_5182;ALRLIST0_5182
ALRLIST0_5183;ALRLIST0_5183
ALRLIST0_5184;ALRLIST0_5184
ALRLIST0_5185;ALRLIST0_5185
ALRLIST0_5186;ALRLIST0_5186
ALRLIST0_5187;ALRLIST0_5187
ALRLIST0_5188;ALRLIST0_5188
ALRLIST0_5189;ALRLIST0_5189
ALRLIST0_519;ALRLIST0_519
ALRLIST0_5190;ALRLIST0_5190
ALRLIST0_5191;ALRLIST0_5191
ALRLIST0_5192;ALRLIST0_5192
ALRLIST0_5193;ALRLIST0_5193
ALRLIST0_5194;ALRLIST0_5194
ALRLIST0_5195;ALRLIST0_5195
ALRLIST0_5196;ALRLIST0_5196
ALRLIST0_5197;ALRLIST0_5197
ALRLIST0_5198;ALRLIST0_5198
ALRLIST0_5199;ALRLIST0_5199
ALRLIST0_52;ALRLIST0_52
ALRLIST0_520;ALRLIST0_520
ALRLIST0_521;ALRLIST0_521
ALRLIST0_522;ALRLIST0_522
ALRLIST0_523;ALRLIST0_523
ALRLIST0_524;ALRLIST0_524
ALRLIST0_525;ALRLIST0_525
ALRLIST0_526;ALRLIST0_526
ALRLIST0_527;ALRLIST0_527
ALRLIST0_528;ALRLIST0_528
ALRLIST0_529;ALRLIST0_529
ALRLIST0_53;ALRLIST0_53
ALRLIST0_530;ALRLIST0_530
ALRLIST0_531;ALRLIST0_531
ALRLIST0_532;ALRLIST0_532
ALRLIST0_533;ALRLIST0_533
ALRLIST0_534;ALRLIST0_534
ALRLIST0_535;ALRLIST0_535
ALRLIST0_536;ALRLIST0_536
ALRLIST0_537;ALRLIST0_537
ALRLIST0_538;ALRLIST0_538
ALRLIST0_539;ALRLIST0_539
ALRLIST0_54;ALRLIST0_54
ALRLIST0_540;ALRLIST0_540
ALRLIST0_541;ALRLIST0_541
ALRLIST0_542;ALRLIST0_542
ALRLIST0_543;ALRLIST0_543
ALRLIST0_544;ALRLIST0_544
ALRLIST0_545;ALRLIST0_545
ALRLIST0_546;ALRLIST0_546
ALRLIST0_547;ALRLIST0_547
ALRLIST0_548;ALRLIST0_548
ALRLIST0_549;ALRLIST0_549
ALRLIST0_55;ALRLIST0_55
ALRLIST0_550;ALRLIST0_550
ALRLIST0_551;ALRLIST0_551
ALRLIST0_552;ALRLIST0_552
ALRLIST0_553;ALRLIST0_553
ALRLIST0_554;ALRLIST0_554
ALRLIST0_555;ALRLIST0_555
ALRLIST0_556;ALRLIST0_556
ALRLIST0_557;ALRLIST0_557
ALRLIST0_558;ALRLIST0_558
ALRLIST0_559;ALRLIST0_559
ALRLIST0_56;ALRLIST0_56
ALRLIST0_560;ALRLIST0_560
ALRLIST0_561;ALRLIST0_561
ALRLIST0_562;ALRLIST0_562
ALRLIST0_563;ALRLIST0_563
ALRLIST0_564;ALRLIST0_564
ALRLIST0_565;ALRLIST0_565
ALRLIST0_566;ALRLIST0_566
ALRLIST0_567;ALRLIST0_567
ALRLIST0_568;ALRLIST0_568
ALRLIST0_569;ALRLIST0_569
ALRLIST0_57;ALRLIST0_57
ALRLIST0_570;ALRLIST0_570
ALRLIST0_571;ALRLIST0_571
ALRLIST0_572;ALRLIST0_572
ALRLIST0_573;ALRLIST0_573
ALRLIST0_574;ALRLIST0_574
ALRLIST0_575;ALRLIST0_575
ALRLIST0_576;ALRLIST0_576
ALRLIST0_577;ALRLIST0_577
ALRLIST0_578;ALRLIST0_578
ALRLIST0_579;ALRLIST0_579
ALRLIST0_58;ALRLIST0_58
ALRLIST0_580;ALRLIST0_580
ALRLIST0_581;ALRLIST0_581
ALRLIST0_582;ALRLIST0_582
ALRLIST0_583;ALRLIST0_583
ALRLIST0_584;ALRLIST0_584
ALRLIST0_585;ALRLIST0_585
ALRLIST0_586;ALRLIST0_586
ALRLIST0_587;ALRLIST0_587
ALRLIST0_588;ALRLIST0_588
ALRLIST0_589;ALRLIST0_589
ALRLIST0_59;ALRLIST0_59
ALRLIST0_590;ALRLIST0_590
ALRLIST0_591;ALRLIST0_591
ALRLIST0_592;ALRLIST0_592
ALRLIST0_593;ALRLIST0_593
ALRLIST0_594;ALRLIST0_594
ALRLIST0_595;ALRLIST0_595
ALRLIST0_596;ALRLIST0_596
ALRLIST0_597;ALRLIST0_597
ALRLIST0_598;ALRLIST0_598
ALRLIST0_599;ALRLIST0_599
ALRLIST0_6;ALRLIST0_6
ALRLIST0_60;ALRLIST0_60
ALRLIST0_600;ALRLIST0_600
ALRLIST0_601;ALRLIST0_601
ALRLIST0_602;ALRLIST0_602
ALRLIST0_603;ALRLIST0_603
ALRLIST0_604;ALRLIST0_604
ALRLIST0_605;ALRLIST0_605
ALRLIST0_606;ALRLIST0_606
ALRLIST0_607;ALRLIST0_607
ALRLIST0_608;ALRLIST0_608
ALRLIST0_609;ALRLIST0_609
ALRLIST0_61;ALRLIST0_61
ALRLIST0_610;ALRLIST0_610
ALRLIST0_611;ALRLIST0_611
ALRLIST0_612;ALRLIST0_612
ALRLIST0_613;ALRLIST0_613
ALRLIST0_614;ALRLIST0_614
ALRLIST0_615;ALRLIST0_615
ALRLIST0_616;ALRLIST0_616
ALRLIST0_617;ALRLIST0_617
ALRLIST0_618;ALRLIST0_618
ALRLIST0_619;ALRLIST0_619
ALRLIST0_62;ALRLIST0_62
ALRLIST0_620;ALRLIST0_620
ALRLIST0_621;ALRLIST0_621
ALRLIST0_622;ALRLIST0_622
ALRLIST0_623;ALRLIST0_623
ALRLIST0_624;ALRLIST0_624
ALRLIST0_625;ALRLIST0_625
ALRLIST0_626;ALRLIST0_626
ALRLIST0_627;ALRLIST0_627
ALRLIST0_628;ALRLIST0_628
ALRLIST0_629;ALRLIST0_629
ALRLIST0_63;ALRLIST0_63
ALRLIST0_630;ALRLIST0_630
ALRLIST0_631;ALRLIST0_631
ALRLIST0_632;ALRLIST0_632
ALRLIST0_633;ALRLIST0_633
ALRLIST0_634;ALRLIST0_634
ALRLIST0_635;ALRLIST0_635
ALRLIST0_636;ALRLIST0_636
ALRLIST0_637;ALRLIST0_637
ALRLIST0_638;ALRLIST0_638
ALRLIST0_639;ALRLIST0_639
ALRLIST0_64;ALRLIST0_64
ALRLIST0_640;ALRLIST0_640
ALRLIST0_641;ALRLIST0_641
ALRLIST0_642;ALRLIST0_642
ALRLIST0_643;ALRLIST0_643
ALRLIST0_644;ALRLIST0_644
ALRLIST0_645;ALRLIST0_645
ALRLIST0_646;ALRLIST0_646
ALRLIST0_647;ALRLIST0_647
ALRLIST0_648;ALRLIST0_648
ALRLIST0_649;ALRLIST0_649
ALRLIST0_65;ALRLIST0_65
ALRLIST0_650;ALRLIST0_650
ALRLIST0_651;ALRLIST0_651
ALRLIST0_652;ALRLIST0_652
ALRLIST0_653;ALRLIST0_653
ALRLIST0_654;ALRLIST0_654
ALRLIST0_655;ALRLIST0_655
ALRLIST0_656;ALRLIST0_656
ALRLIST0_657;ALRLIST0_657
ALRLIST0_658;ALRLIST0_658
ALRLIST0_659;ALRLIST0_659
ALRLIST0_66;ALRLIST0_66
ALRLIST0_660;ALRLIST0_660
ALRLIST0_661;ALRLIST0_661
ALRLIST0_662;ALRLIST0_662
ALRLIST0_663;ALRLIST0_663
ALRLIST0_664;ALRLIST0_664
ALRLIST0_665;ALRLIST0_665
ALRLIST0_666;ALRLIST0_666
ALRLIST0_667;ALRLIST0_667
ALRLIST0_668;ALRLIST0_668
ALRLIST0_669;ALRLIST0_669
ALRLIST0_67;ALRLIST0_67
ALRLIST0_670;ALRLIST0_670
ALRLIST0_671;ALRLIST0_671
ALRLIST0_672;ALRLIST0_672
ALRLIST0_673;ALRLIST0_673
ALRLIST0_674;ALRLIST0_674
ALRLIST0_675;ALRLIST0_675
ALRLIST0_676;ALRLIST0_676
ALRLIST0_677;ALRLIST0_677
ALRLIST0_678;ALRLIST0_678
ALRLIST0_679;ALRLIST0_679
ALRLIST0_68;ALRLIST0_68
ALRLIST0_680;ALRLIST0_680
ALRLIST0_681;ALRLIST0_681
ALRLIST0_682;ALRLIST0_682
ALRLIST0_683;ALRLIST0_683
ALRLIST0_684;ALRLIST0_684
ALRLIST0_685;ALRLIST0_685
ALRLIST0_686;ALRLIST0_686
ALRLIST0_687;ALRLIST0_687
ALRLIST0_688;ALRLIST0_688
ALRLIST0_689;ALRLIST0_689
ALRLIST0_69;ALRLIST0_69
ALRLIST0_690;ALRLIST0_690
ALRLIST0_691;ALRLIST0_691
ALRLIST0_692;ALRLIST0_692
ALRLIST0_693;ALRLIST0_693
ALRLIST0_694;ALRLIST0_694
ALRLIST0_695;ALRLIST0_695
ALRLIST0_696;ALRLIST0_696
ALRLIST0_697;ALRLIST0_697
ALRLIST0_698;ALRLIST0_698
ALRLIST0_699;ALRLIST0_699
ALRLIST0_7;ALRLIST0_7
ALRLIST0_70;ALRLIST0_70
ALRLIST0_700;ALRLIST0_700
ALRLIST0_701;ALRLIST0_701
ALRLIST0_702;ALRLIST0_702
ALRLIST0_703;ALRLIST0_703
ALRLIST0_704;ALRLIST0_704
ALRLIST0_705;ALRLIST0_705
ALRLIST0_706;ALRLIST0_706
ALRLIST0_707;ALRLIST0_707
ALRLIST0_708;ALRLIST0_708
ALRLIST0_709;ALRLIST0_709
ALRLIST0_71;ALRLIST0_71
ALRLIST0_710;ALRLIST0_710
ALRLIST0_711;ALRLIST0_711
ALRLIST0_712;ALRLIST0_712
ALRLIST0_713;ALRLIST0_713
ALRLIST0_714;ALRLIST0_714
ALRLIST0_715;ALRLIST0_715
ALRLIST0_716;ALRLIST0_716
ALRLIST0_717;ALRLIST0_717
ALRLIST0_718;ALRLIST0_718
ALRLIST0_719;ALRLIST0_719
ALRLIST0_72;ALRLIST0_72
ALRLIST0_720;ALRLIST0_720
ALRLIST0_721;ALRLIST0_721
ALRLIST0_722;ALRLIST0_722
ALRLIST0_723;ALRLIST0_723
ALRLIST0_724;ALRLIST0_724
ALRLIST0_725;ALRLIST0_725
ALRLIST0_726;ALRLIST0_726
ALRLIST0_727;ALRLIST0_727
ALRLIST0_728;ALRLIST0_728
ALRLIST0_729;ALRLIST0_729
ALRLIST0_73;ALRLIST0_73
ALRLIST0_730;ALRLIST0_730
ALRLIST0_731;ALRLIST0_731
ALRLIST0_732;ALRLIST0_732
ALRLIST0_733;ALRLIST0_733
ALRLIST0_734;ALRLIST0_734
ALRLIST0_735;ALRLIST0_735
ALRLIST0_736;ALRLIST0_736
ALRLIST0_737;ALRLIST0_737
ALRLIST0_738;ALRLIST0_738
ALRLIST0_739;ALRLIST0_739
ALRLIST0_74;ALRLIST0_74
ALRLIST0_740;ALRLIST0_740
ALRLIST0_741;ALRLIST0_741
ALRLIST0_742;ALRLIST0_742
ALRLIST0_743;ALRLIST0_743
ALRLIST0_744;ALRLIST0_744
ALRLIST0_745;ALRLIST0_745
ALRLIST0_746;ALRLIST0_746
ALRLIST0_747;ALRLIST0_747
ALRLIST0_748;ALRLIST0_748
ALRLIST0_749;ALRLIST0_749
ALRLIST0_75;ALRLIST0_75
ALRLIST0_750;ALRLIST0_750
ALRLIST0_751;ALRLIST0_751
ALRLIST0_752;ALRLIST0_752
ALRLIST0_753;ALRLIST0_753
ALRLIST0_754;ALRLIST0_754
ALRLIST0_755;ALRLIST0_755
ALRLIST0_756;ALRLIST0_756
ALRLIST0_757;ALRLIST0_757
ALRLIST0_758;ALRLIST0_758
ALRLIST0_759;ALRLIST0_759
ALRLIST0_76;ALRLIST0_76
ALRLIST0_760;ALRLIST0_760
ALRLIST0_761;ALRLIST0_761
ALRLIST0_762;ALRLIST0_762
ALRLIST0_763;ALRLIST0_763
ALRLIST0_764;ALRLIST0_764
ALRLIST0_765;ALRLIST0_765
ALRLIST0_766;ALRLIST0_766
ALRLIST0_767;ALRLIST0_767
ALRLIST0_768;ALRLIST0_768
ALRLIST0_769;ALRLIST0_769
ALRLIST0_77;ALRLIST0_77
ALRLIST0_770;ALRLIST0_770
ALRLIST0_771;ALRLIST0_771
ALRLIST0_772;ALRLIST0_772
ALRLIST0_773;ALRLIST0_773
ALRLIST0_774;ALRLIST0_774
ALRLIST0_775;ALRLIST0_775
ALRLIST0_776;ALRLIST0_776
ALRLIST0_777;ALRLIST0_777
ALRLIST0_778;ALRLIST0_778
ALRLIST0_779;ALRLIST0_779
ALRLIST0_78;ALRLIST0_78
ALRLIST0_780;ALRLIST0_780
ALRLIST0_781;ALRLIST0_781
ALRLIST0_782;ALRLIST0_782
ALRLIST0_783;ALRLIST0_783
ALRLIST0_784;ALRLIST0_784
ALRLIST0_785;ALRLIST0_785
ALRLIST0_786;ALRLIST0_786
ALRLIST0_787;ALRLIST0_787
ALRLIST0_788;ALRLIST0_788
ALRLIST0_789;ALRLIST0_789
ALRLIST0_79;ALRLIST0_79
ALRLIST0_790;ALRLIST0_790
ALRLIST0_791;ALRLIST0_791
ALRLIST0_792;ALRLIST0_792
ALRLIST0_793;ALRLIST0_793
ALRLIST0_794;ALRLIST0_794
ALRLIST0_795;ALRLIST0_795
ALRLIST0_796;ALRLIST0_796
ALRLIST0_797;ALRLIST0_797
ALRLIST0_798;ALRLIST0_798
ALRLIST0_799;ALRLIST0_799
ALRLIST0_8;ALRLIST0_8
ALRLIST0_80;ALRLIST0_80
ALRLIST0_800;ALRLIST0_800
ALRLIST0_801;ALRLIST0_801
ALRLIST0_802;ALRLIST0_802
ALRLIST0_803;ALRLIST0_803
ALRLIST0_804;ALRLIST0_804
ALRLIST0_805;ALRLIST0_805
ALRLIST0_806;ALRLIST0_806
ALRLIST0_807;ALRLIST0_807
ALRLIST0_808;ALRLIST0_808
ALRLIST0_809;ALRLIST0_809
ALRLIST0_81;ALRLIST0_81
ALRLIST0_810;ALRLIST0_810
ALRLIST0_811;ALRLIST0_811
ALRLIST0_812;ALRLIST0_812
ALRLIST0_813;ALRLIST0_813
ALRLIST0_814;ALRLIST0_814
ALRLIST0_815;ALRLIST0_815
ALRLIST0_816;ALRLIST0_816
ALRLIST0_817;ALRLIST0_817
ALRLIST0_818;ALRLIST0_818
ALRLIST0_819;ALRLIST0_819
ALRLIST0_82;ALRLIST0_82
ALRLIST0_820;ALRLIST0_820
ALRLIST0_821;ALRLIST0_821
ALRLIST0_822;ALRLIST0_822
ALRLIST0_823;ALRLIST0_823
ALRLIST0_824;ALRLIST0_824
ALRLIST0_825;ALRLIST0_825
ALRLIST0_826;ALRLIST0_826
ALRLIST0_827;ALRLIST0_827
ALRLIST0_828;ALRLIST0_828
ALRLIST0_829;ALRLIST0_829
ALRLIST0_83;ALRLIST0_83
ALRLIST0_830;ALRLIST0_830
ALRLIST0_831;ALRLIST0_831
ALRLIST0_832;ALRLIST0_832
ALRLIST0_833;ALRLIST0_833
ALRLIST0_834;ALRLIST0_834
ALRLIST0_835;ALRLIST0_835
ALRLIST0_836;ALRLIST0_836
ALRLIST0_837;ALRLIST0_837
ALRLIST0_838;ALRLIST0_838
ALRLIST0_839;ALRLIST0_839
ALRLIST0_84;ALRLIST0_84
ALRLIST0_840;ALRLIST0_840
ALRLIST0_841;ALRLIST0_841
ALRLIST0_842;ALRLIST0_842
ALRLIST0_843;ALRLIST0_843
ALRLIST0_844;ALRLIST0_844
ALRLIST0_845;ALRLIST0_845
ALRLIST0_846;ALRLIST0_846
ALRLIST0_847;ALRLIST0_847
ALRLIST0_848;ALRLIST0_848
ALRLIST0_849;ALRLIST0_849
ALRLIST0_85;ALRLIST0_85
ALRLIST0_850;ALRLIST0_850
ALRLIST0_851;ALRLIST0_851
ALRLIST0_852;ALRLIST0_852
ALRLIST0_853;ALRLIST0_853
ALRLIST0_854;ALRLIST0_854
ALRLIST0_855;ALRLIST0_855
ALRLIST0_856;ALRLIST0_856
ALRLIST0_857;ALRLIST0_857
ALRLIST0_858;ALRLIST0_858
ALRLIST0_859;ALRLIST0_859
ALRLIST0_86;ALRLIST0_86
ALRLIST0_860;ALRLIST0_860
ALRLIST0_861;ALRLIST0_861
ALRLIST0_862;ALRLIST0_862
ALRLIST0_863;ALRLIST0_863
ALRLIST0_864;ALRLIST0_864
ALRLIST0_865;ALRLIST0_865
ALRLIST0_866;ALRLIST0_866
ALRLIST0_867;ALRLIST0_867
ALRLIST0_868;ALRLIST0_868
ALRLIST0_869;ALRLIST0_869
ALRLIST0_87;ALRLIST0_87
ALRLIST0_870;ALRLIST0_870
ALRLIST0_871;ALRLIST0_871
ALRLIST0_872;ALRLIST0_872
ALRLIST0_873;ALRLIST0_873
ALRLIST0_874;ALRLIST0_874
ALRLIST0_875;ALRLIST0_875
ALRLIST0_876;ALRLIST0_876
ALRLIST0_877;ALRLIST0_877
ALRLIST0_878;ALRLIST0_878
ALRLIST0_879;ALRLIST0_879
ALRLIST0_88;ALRLIST0_88
ALRLIST0_880;ALRLIST0_880
ALRLIST0_881;ALRLIST0_881
ALRLIST0_882;ALRLIST0_882
ALRLIST0_883;ALRLIST0_883
ALRLIST0_884;ALRLIST0_884
ALRLIST0_885;ALRLIST0_885
ALRLIST0_886;ALRLIST0_886
ALRLIST0_887;ALRLIST0_887
ALRLIST0_888;ALRLIST0_888
ALRLIST0_889;ALRLIST0_889
ALRLIST0_89;ALRLIST0_89
ALRLIST0_890;ALRLIST0_890
ALRLIST0_891;ALRLIST0_891
ALRLIST0_892;ALRLIST0_892
ALRLIST0_893;ALRLIST0_893
ALRLIST0_894;ALRLIST0_894
ALRLIST0_895;ALRLIST0_895
ALRLIST0_896;ALRLIST0_896
ALRLIST0_897;ALRLIST0_897
ALRLIST0_898;ALRLIST0_898
ALRLIST0_899;ALRLIST0_899
ALRLIST0_9;ALRLIST0_9
ALRLIST0_90;ALRLIST0_90
ALRLIST0_900;ALRLIST0_900
ALRLIST0_901;ALRLIST0_901
ALRLIST0_902;ALRLIST0_902
ALRLIST0_903;ALRLIST0_903
ALRLIST0_904;ALRLIST0_904
ALRLIST0_905;ALRLIST0_905
ALRLIST0_906;ALRLIST0_906
ALRLIST0_907;ALRLIST0_907
ALRLIST0_908;ALRLIST0_908
ALRLIST0_909;ALRLIST0_909
ALRLIST0_91;ALRLIST0_91
ALRLIST0_910;ALRLIST0_910
ALRLIST0_911;ALRLIST0_911
ALRLIST0_912;ALRLIST0_912
ALRLIST0_913;ALRLIST0_913
ALRLIST0_914;ALRLIST0_914
ALRLIST0_915;ALRLIST0_915
ALRLIST0_916;ALRLIST0_916
ALRLIST0_917;ALRLIST0_917
ALRLIST0_918;ALRLIST0_918
ALRLIST0_919;ALRLIST0_919
ALRLIST0_92;ALRLIST0_92
ALRLIST0_920;ALRLIST0_920
ALRLIST0_921;ALRLIST0_921
ALRLIST0_922;ALRLIST0_922
ALRLIST0_923;ALRLIST0_923
ALRLIST0_924;ALRLIST0_924
ALRLIST0_925;ALRLIST0_925
ALRLIST0_926;ALRLIST0_926
ALRLIST0_927;ALRLIST0_927
ALRLIST0_928;ALRLIST0_928
ALRLIST0_929;ALRLIST0_929
ALRLIST0_93;ALRLIST0_93
ALRLIST0_930;ALRLIST0_930
ALRLIST0_931;ALRLIST0_931
ALRLIST0_932;ALRLIST0_932
ALRLIST0_933;ALRLIST0_933
ALRLIST0_934;ALRLIST0_934
ALRLIST0_935;ALRLIST0_935
ALRLIST0_936;ALRLIST0_936
ALRLIST0_937;ALRLIST0_937
ALRLIST0_938;ALRLIST0_938
ALRLIST0_939;ALRLIST0_939
ALRLIST0_94;ALRLIST0_94
ALRLIST0_940;ALRLIST0_940
ALRLIST0_941;ALRLIST0_941
ALRLIST0_942;ALRLIST0_942
ALRLIST0_943;ALRLIST0_943
ALRLIST0_944;ALRLIST0_944
ALRLIST0_945;ALRLIST0_945
ALRLIST0_946;ALRLIST0_946
ALRLIST0_947;ALRLIST0_947
ALRLIST0_948;ALRLIST0_948
ALRLIST0_949;ALRLIST0_949
ALRLIST0_95;ALRLIST0_95
ALRLIST0_950;ALRLIST0_950
ALRLIST0_951;ALRLIST0_951
ALRLIST0_952;ALRLIST0_952
ALRLIST0_953;ALRLIST0_953
ALRLIST0_954;ALRLIST0_954
ALRLIST0_955;ALRLIST0_955
ALRLIST0_956;ALRLIST0_956
ALRLIST0_957;ALRLIST0_957
ALRLIST0_958;ALRLIST0_958
ALRLIST0_959;ALRLIST0_959
ALRLIST0_96;ALRLIST0_96
ALRLIST0_960;ALRLIST0_960
ALRLIST0_961;ALRLIST0_961
ALRLIST0_962;ALRLIST0_962
ALRLIST0_963;ALRLIST0_963
ALRLIST0_964;ALRLIST0_964
ALRLIST0_965;ALRLIST0_965
ALRLIST0_966;ALRLIST0_966
ALRLIST0_967;ALRLIST0_967
ALRLIST0_968;ALRLIST0_968
ALRLIST0_969;ALRLIST0_969
ALRLIST0_97;ALRLIST0_97
ALRLIST0_970;ALRLIST0_970
ALRLIST0_971;ALRLIST0_971
ALRLIST0_972;ALRLIST0_972
ALRLIST0_973;ALRLIST0_973
ALRLIST0_974;ALRLIST0_974
ALRLIST0_975;ALRLIST0_975
ALRLIST0_976;ALRLIST0_976
ALRLIST0_977;ALRLIST0_977
ALRLIST0_978;ALRLIST0_978
ALRLIST0_979;ALRLIST0_979
ALRLIST0_98;ALRLIST0_98
ALRLIST0_980;ALRLIST0_980
ALRLIST0_981;ALRLIST0_981
ALRLIST0_982;ALRLIST0_982
ALRLIST0_983;ALRLIST0_983
ALRLIST0_984;ALRLIST0_984
ALRLIST0_985;ALRLIST0_985
ALRLIST0_986;ALRLIST0_986
ALRLIST0_987;ALRLIST0_987
ALRLIST0_988;ALRLIST0_988
ALRLIST0_989;ALRLIST0_989
ALRLIST0_99;ALRLIST0_99
ALRLIST0_990;ALRLIST0_990
ALRLIST0_991;ALRLIST0_991
ALRLIST0_992;ALRLIST0_992
ALRLIST0_993;ALRLIST0_993
ALRLIST0_994;ALRLIST0_994
ALRLIST0_995;ALRLIST0_995
ALRLIST0_996;ALRLIST0_996
ALRLIST0_997;ALRLIST0_997
ALRLIST0_998;ALRLIST0_998
ALRLIST0_999;ALRLIST0_999
ALRLIST0_GRP1_1;ALRLIST0_GRP1_1
ALRLIST0_GRP1_10;ALRLIST0_GRP1_10
ALRLIST0_GRP1_11;ALRLIST0_GRP1_11
ALRLIST0_GRP1_12;ALRLIST0_GRP1_12
ALRLIST0_GRP1_13;ALRLIST0_GRP1_13
ALRLIST0_GRP1_14;ALRLIST0_GRP1_14
ALRLIST0_GRP1_15;ALRLIST0_GRP1_15
ALRLIST0_GRP1_16;ALRLIST0_GRP1_16
ALRLIST0_GRP1_17;ALRLIST0_GRP1_17
ALRLIST0_GRP1_18;ALRLIST0_GRP1_18
ALRLIST0_GRP1_19;ALRLIST0_GRP1_19
ALRLIST0_GRP1_2;ALRLIST0_GRP1_2
ALRLIST0_GRP1_20;ALRLIST0_GRP1_20
ALRLIST0_GRP1_21;ALRLIST0_GRP1_21
ALRLIST0_GRP1_22;ALRLIST0_GRP1_22
ALRLIST0_GRP1_23;ALRLIST0_GRP1_23
ALRLIST0_GRP1_24;ALRLIST0_GRP1_24
ALRLIST0_GRP1_25;ALRLIST0_GRP1_25
ALRLIST0_GRP1_26;ALRLIST0_GRP1_26
ALRLIST0_GRP1_27;ALRLIST0_GRP1_27
ALRLIST0_GRP1_28;ALRLIST0_GRP1_28
ALRLIST0_GRP1_29;ALRLIST0_GRP1_29
ALRLIST0_GRP1_3;ALRLIST0_GRP1_3
ALRLIST0_GRP1_30;ALRLIST0_GRP1_30
ALRLIST0_GRP1_31;ALRLIST0_GRP1_31
ALRLIST0_GRP1_32;ALRLIST0_GRP1_32
ALRLIST0_GRP1_33;ALRLIST0_GRP1_33
ALRLIST0_GRP1_34;ALRLIST0_GRP1_34
ALRLIST0_GRP1_35;ALRLIST0_GRP1_35
ALRLIST0_GRP1_36;ALRLIST0_GRP1_36
ALRLIST0_GRP1_37;ALRLIST0_GRP1_37
ALRLIST0_GRP1_38;ALRLIST0_GRP1_38
ALRLIST0_GRP1_39;ALRLIST0_GRP1_39
ALRLIST0_GRP1_4;ALRLIST0_GRP1_4
ALRLIST0_GRP1_40;ALRLIST0_GRP1_40
ALRLIST0_GRP1_5;ALRLIST0_GRP1_5
ALRLIST0_GRP1_6;ALRLIST0_GRP1_6
ALRLIST0_GRP1_7;ALRLIST0_GRP1_7
ALRLIST0_GRP1_8;ALRLIST0_GRP1_8
ALRLIST0_GRP1_9;ALRLIST0_GRP1_9
ALRLIST0_GRP2_1;ALRLIST0_GRP2_1
ALRLIST0_GRP2_10;ALRLIST0_GRP2_10
ALRLIST0_GRP2_11;ALRLIST0_GRP2_11
ALRLIST0_GRP2_12;ALRLIST0_GRP2_12
ALRLIST0_GRP2_13;ALRLIST0_GRP2_13
ALRLIST0_GRP2_14;ALRLIST0_GRP2_14
ALRLIST0_GRP2_15;ALRLIST0_GRP2_15
ALRLIST0_GRP2_16;ALRLIST0_GRP2_16
ALRLIST0_GRP2_17;ALRLIST0_GRP2_17
ALRLIST0_GRP2_18;ALRLIST0_GRP2_18
ALRLIST0_GRP2_19;ALRLIST0_GRP2_19
ALRLIST0_GRP2_2;ALRLIST0_GRP2_2
ALRLIST0_GRP2_20;ALRLIST0_GRP2_20
ALRLIST0_GRP2_21;ALRLIST0_GRP2_21
ALRLIST0_GRP2_22;ALRLIST0_GRP2_22
ALRLIST0_GRP2_23;ALRLIST0_GRP2_23
ALRLIST0_GRP2_24;ALRLIST0_GRP2_24
ALRLIST0_GRP2_25;ALRLIST0_GRP2_25
ALRLIST0_GRP2_26;ALRLIST0_GRP2_26
ALRLIST0_GRP2_27;ALRLIST0_GRP2_27
ALRLIST0_GRP2_28;ALRLIST0_GRP2_28
ALRLIST0_GRP2_29;ALRLIST0_GRP2_29
ALRLIST0_GRP2_3;ALRLIST0_GRP2_3
ALRLIST0_GRP2_30;ALRLIST0_GRP2_30
ALRLIST0_GRP2_31;ALRLIST0_GRP2_31
ALRLIST0_GRP2_32;ALRLIST0_GRP2_32
ALRLIST0_GRP2_33;ALRLIST0_GRP2_33
ALRLIST0_GRP2_34;ALRLIST0_GRP2_34
ALRLIST0_GRP2_35;ALRLIST0_GRP2_35
ALRLIST0_GRP2_36;ALRLIST0_GRP2_36
ALRLIST0_GRP2_37;ALRLIST0_GRP2_37
ALRLIST0_GRP2_38;ALRLIST0_GRP2_38
ALRLIST0_GRP2_39;ALRLIST0_GRP2_39
ALRLIST0_GRP2_4;ALRLIST0_GRP2_4
ALRLIST0_GRP2_40;ALRLIST0_GRP2_40
ALRLIST0_GRP2_5;ALRLIST0_GRP2_5
ALRLIST0_GRP2_6;ALRLIST0_GRP2_6
ALRLIST0_GRP2_7;ALRLIST0_GRP2_7
ALRLIST0_GRP2_8;ALRLIST0_GRP2_8
ALRLIST0_GRP2_9;ALRLIST0_GRP2_9
ALRLIST0_GRP3_1;ALRLIST0_GRP3_1
ALRLIST0_GRP3_10;ALRLIST0_GRP3_10
ALRLIST0_GRP3_11;ALRLIST0_GRP3_11
ALRLIST0_GRP3_12;ALRLIST0_GRP3_12
ALRLIST0_GRP3_13;ALRLIST0_GRP3_13
ALRLIST0_GRP3_14;ALRLIST0_GRP3_14
ALRLIST0_GRP3_15;ALRLIST0_GRP3_15
ALRLIST0_GRP3_16;ALRLIST0_GRP3_16
ALRLIST0_GRP3_17;ALRLIST0_GRP3_17
ALRLIST0_GRP3_18;ALRLIST0_GRP3_18
ALRLIST0_GRP3_19;ALRLIST0_GRP3_19
ALRLIST0_GRP3_2;ALRLIST0_GRP3_2
ALRLIST0_GRP3_20;ALRLIST0_GRP3_20
ALRLIST0_GRP3_21;ALRLIST0_GRP3_21
ALRLIST0_GRP3_22;ALRLIST0_GRP3_22
ALRLIST0_GRP3_23;ALRLIST0_GRP3_23
ALRLIST0_GRP3_24;ALRLIST0_GRP3_24
ALRLIST0_GRP3_25;ALRLIST0_GRP3_25
ALRLIST0_GRP3_26;ALRLIST0_GRP3_26
ALRLIST0_GRP3_27;ALRLIST0_GRP3_27
ALRLIST0_GRP3_28;ALRLIST0_GRP3_28
ALRLIST0_GRP3_29;ALRLIST0_GRP3_29
ALRLIST0_GRP3_3;ALRLIST0_GRP3_3
ALRLIST0_GRP3_30;ALRLIST0_GRP3_30
ALRLIST0_GRP3_31;ALRLIST0_GRP3_31
ALRLIST0_GRP3_32;ALRLIST0_GRP3_32
ALRLIST0_GRP3_33;ALRLIST0_GRP3_33
ALRLIST0_GRP3_34;ALRLIST0_GRP3_34
ALRLIST0_GRP3_35;ALRLIST0_GRP3_35
ALRLIST0_GRP3_36;ALRLIST0_GRP3_36
ALRLIST0_GRP3_37;ALRLIST0_GRP3_37
ALRLIST0_GRP3_38;ALRLIST0_GRP3_38
ALRLIST0_GRP3_39;ALRLIST0_GRP3_39
ALRLIST0_GRP3_4;ALRLIST0_GRP3_4
ALRLIST0_GRP3_40;ALRLIST0_GRP3_40
ALRLIST0_GRP3_5;ALRLIST0_GRP3_5
ALRLIST0_GRP3_6;ALRLIST0_GRP3_6
ALRLIST0_GRP3_7;ALRLIST0_GRP3_7
ALRLIST0_GRP3_8;ALRLIST0_GRP3_8
ALRLIST0_GRP3_9;ALRLIST0_GRP3_9
ALRLIST0_GRP5_1;ALRLIST0_GRP5_1
ALRLIST0_GRP5_10;ALRLIST0_GRP5_10
ALRLIST0_GRP5_11;ALRLIST0_GRP5_11
ALRLIST0_GRP5_12;ALRLIST0_GRP5_12
ALRLIST0_GRP5_13;ALRLIST0_GRP5_13
ALRLIST0_GRP5_14;ALRLIST0_GRP5_14
ALRLIST0_GRP5_15;ALRLIST0_GRP5_15
ALRLIST0_GRP5_16;ALRLIST0_GRP5_16
ALRLIST0_GRP5_17;ALRLIST0_GRP5_17
ALRLIST0_GRP5_18;ALRLIST0_GRP5_18
ALRLIST0_GRP5_19;ALRLIST0_GRP5_19
ALRLIST0_GRP5_2;ALRLIST0_GRP5_2
ALRLIST0_GRP5_20;ALRLIST0_GRP5_20
ALRLIST0_GRP5_21;ALRLIST0_GRP5_21
ALRLIST0_GRP5_22;ALRLIST0_GRP5_22
ALRLIST0_GRP5_23;ALRLIST0_GRP5_23
ALRLIST0_GRP5_24;ALRLIST0_GRP5_24
ALRLIST0_GRP5_25;ALRLIST0_GRP5_25
ALRLIST0_GRP5_26;ALRLIST0_GRP5_26
ALRLIST0_GRP5_27;ALRLIST0_GRP5_27
ALRLIST0_GRP5_28;ALRLIST0_GRP5_28
ALRLIST0_GRP5_29;ALRLIST0_GRP5_29
ALRLIST0_GRP5_3;ALRLIST0_GRP5_3
ALRLIST0_GRP5_30;ALRLIST0_GRP5_30
ALRLIST0_GRP5_31;ALRLIST0_GRP5_31
ALRLIST0_GRP5_32;ALRLIST0_GRP5_32
ALRLIST0_GRP5_33;ALRLIST0_GRP5_33
ALRLIST0_GRP5_34;ALRLIST0_GRP5_34
ALRLIST0_GRP5_35;ALRLIST0_GRP5_35
ALRLIST0_GRP5_36;ALRLIST0_GRP5_36
ALRLIST0_GRP5_37;ALRLIST0_GRP5_37
ALRLIST0_GRP5_38;ALRLIST0_GRP5_38
ALRLIST0_GRP5_39;ALRLIST0_GRP5_39
ALRLIST0_GRP5_4;ALRLIST0_GRP5_4
ALRLIST0_GRP5_40;ALRLIST0_GRP5_40
ALRLIST0_GRP5_5;ALRLIST0_GRP5_5
ALRLIST0_GRP5_6;ALRLIST0_GRP5_6
ALRLIST0_GRP5_7;ALRLIST0_GRP5_7
ALRLIST0_GRP5_8;ALRLIST0_GRP5_8
ALRLIST0_GRP5_9;ALRLIST0_GRP5_9
ALRLIST0_GRP6_1;ALRLIST0_GRP6_1
ALRLIST0_GRP6_10;ALRLIST0_GRP6_10
ALRLIST0_GRP6_11;ALRLIST0_GRP6_11
ALRLIST0_GRP6_12;ALRLIST0_GRP6_12
ALRLIST0_GRP6_13;ALRLIST0_GRP6_13
ALRLIST0_GRP6_14;ALRLIST0_GRP6_14
ALRLIST0_GRP6_15;ALRLIST0_GRP6_15
ALRLIST0_GRP6_16;ALRLIST0_GRP6_16
ALRLIST0_GRP6_17;ALRLIST0_GRP6_17
ALRLIST0_GRP6_18;ALRLIST0_GRP6_18
ALRLIST0_GRP6_19;ALRLIST0_GRP6_19
ALRLIST0_GRP6_2;ALRLIST0_GRP6_2
ALRLIST0_GRP6_20;ALRLIST0_GRP6_20
ALRLIST0_GRP6_21;ALRLIST0_GRP6_21
ALRLIST0_GRP6_22;ALRLIST0_GRP6_22
ALRLIST0_GRP6_23;ALRLIST0_GRP6_23
ALRLIST0_GRP6_24;ALRLIST0_GRP6_24
ALRLIST0_GRP6_25;ALRLIST0_GRP6_25
ALRLIST0_GRP6_26;ALRLIST0_GRP6_26
ALRLIST0_GRP6_27;ALRLIST0_GRP6_27
ALRLIST0_GRP6_28;ALRLIST0_GRP6_28
ALRLIST0_GRP6_29;ALRLIST0_GRP6_29
ALRLIST0_GRP6_3;ALRLIST0_GRP6_3
ALRLIST0_GRP6_30;ALRLIST0_GRP6_30
ALRLIST0_GRP6_31;ALRLIST0_GRP6_31
ALRLIST0_GRP6_32;ALRLIST0_GRP6_32
ALRLIST0_GRP6_33;ALRLIST0_GRP6_33
ALRLIST0_GRP6_34;ALRLIST0_GRP6_34
ALRLIST0_GRP6_35;ALRLIST0_GRP6_35
ALRLIST0_GRP6_36;ALRLIST0_GRP6_36
ALRLIST0_GRP6_37;ALRLIST0_GRP6_37
ALRLIST0_GRP6_38;ALRLIST0_GRP6_38
ALRLIST0_GRP6_39;ALRLIST0_GRP6_39
ALRLIST0_GRP6_4;ALRLIST0_GRP6_4
ALRLIST0_GRP6_40;ALRLIST0_GRP6_40
ALRLIST0_GRP6_5;ALRLIST0_GRP6_5
ALRLIST0_GRP6_6;ALRLIST0_GRP6_6
ALRLIST0_GRP6_7;ALRLIST0_GRP6_7
ALRLIST0_GRP6_8;ALRLIST0_GRP6_8
ALRLIST0_GRP6_9;ALRLIST0_GRP6_9
ALRLIST0_PRIO_1;ALRLIST0_PRIO_1
ALRLIST0_PRIO_10;ALRLIST0_PRIO_10
ALRLIST0_PRIO_11;ALRLIST0_PRIO_11
ALRLIST0_PRIO_12;ALRLIST0_PRIO_12
ALRLIST0_PRIO_13;ALRLIST0_PRIO_13
ALRLIST0_PRIO_14;ALRLIST0_PRIO_14
ALRLIST0_PRIO_15;ALRLIST0_PRIO_15
ALRLIST0_PRIO_16;ALRLIST0_PRIO_16
ALRLIST0_PRIO_17;ALRLIST0_PRIO_17
ALRLIST0_PRIO_18;ALRLIST0_PRIO_18
ALRLIST0_PRIO_19;ALRLIST0_PRIO_19
ALRLIST0_PRIO_2;ALRLIST0_PRIO_2
ALRLIST0_PRIO_20;ALRLIST0_PRIO_20
ALRLIST0_PRIO_21;ALRLIST0_PRIO_21
ALRLIST0_PRIO_22;ALRLIST0_PRIO_22
ALRLIST0_PRIO_23;ALRLIST0_PRIO_23
ALRLIST0_PRIO_24;ALRLIST0_PRIO_24
ALRLIST0_PRIO_25;ALRLIST0_PRIO_25
ALRLIST0_PRIO_26;ALRLIST0_PRIO_26
ALRLIST0_PRIO_27;ALRLIST0_PRIO_27
ALRLIST0_PRIO_28;ALRLIST0_PRIO_28
ALRLIST0_PRIO_29;ALRLIST0_PRIO_29
ALRLIST0_PRIO_3;ALRLIST0_PRIO_3
ALRLIST0_PRIO_30;ALRLIST0_PRIO_30
ALRLIST0_PRIO_31;ALRLIST0_PRIO_31
ALRLIST0_PRIO_32;ALRLIST0_PRIO_32
ALRLIST0_PRIO_33;ALRLIST0_PRIO_33
ALRLIST0_PRIO_34;ALRLIST0_PRIO_34
ALRLIST0_PRIO_35;ALRLIST0_PRIO_35
ALRLIST0_PRIO_36;ALRLIST0_PRIO_36
ALRLIST0_PRIO_37;ALRLIST0_PRIO_37
ALRLIST0_PRIO_38;ALRLIST0_PRIO_38
ALRLIST0_PRIO_39;ALRLIST0_PRIO_39
ALRLIST0_PRIO_4;ALRLIST0_PRIO_4
ALRLIST0_PRIO_40;ALRLIST0_PRIO_40
ALRLIST0_PRIO_5;ALRLIST0_PRIO_5
ALRLIST0_PRIO_6;ALRLIST0_PRIO_6
ALRLIST0_PRIO_7;ALRLIST0_PRIO_7
ALRLIST0_PRIO_8;ALRLIST0_PRIO_8
ALRLIST0_PRIO_9;ALRLIST0_PRIO_9
AUTO LOGOFF;AUTO LOGOFF
AUTOMAT [h] :;AUTOMAT [h] :
AXIS AUSHEBEN\n105Z11;AXIS AUSHEBEN\n105Z11
AXIS RST\n105W10;AXIS RST\n105W10
AXIS XYZ\nstxYno;AXIS XYZ\nstxYno
AXIS;AXIS
Achse: 101X05;Achse: 101X05
Achse: 101Z06;Achse: 101Z06
Achse: 102X12;Achse: 102X12
Achse: 102Y14;Achse: 102Y14
Achse: 102Y40;Achse: 102Y40
Achse: 102Y44;Achse: 102Y44
Achse: 102Z15;Achse: 102Z15
Achse: 102Z16;Achse: 102Z16
Achse: 102Z17;Achse: 102Z17
Achse: 102Z18;Achse: 102Z18
Achse: 102Z19;Achse: 102Z19
Achse: 102Z46;Achse: 102Z46
Achse: 102Z47;Achse: 102Z47
Achse: 102Z48;Achse: 102Z48
Achse: 102Z49;Achse: 102Z49
Achse: 110W10;Achse: 110W10
Achse: 110Y01;Achse: 110Y01
Achse: 110Z02;Achse: 110Z02
Achse: 110Z03;Achse: 110Z03
Achse: 110Z04;Achse: 110Z04
Achse: 115W10;Achse: 115W10
Achse: 115Y01;Achse: 115Y01
Achse: 115Z02;Achse: 115Z02
Achse: 115Z03;Achse: 115Z03
Amplitude;Amplitude
Auftragsnr;Auftragsnr
B;B
C;C
CE;CE
D;D
DEC_SYMB;.
DETAIL 1;DETAIL 1
DETAIL 2;DETAIL 2
DETAIL 3;DETAIL 3
DETAIL 4;DETAIL 4
DETAIL 5;DETAIL 5
Datum / xy ;Datum / xy 
E;E
EXIT;EXIT
Energie max;Energie max
Energie min;Energie min
Energie;Energie
F;F
F1;F1
F2;F2
G;G
H;H
HOME;HOME
I;I
J;J
K;K
Kette Status;Kette Status
Kraft;Kraft
L;L
LANG_SYMB;DE
LEGENDE:;LEGENDE:
LIST;LIST
LOGIN;LOGIN
Leistung max;Leistung max
Leistung min;Leistung min
Leistung;Leistung
M;M
Messverzögerung;Messverzögerung
Mode overall;Mode overall
N;N
NUM;NUM
O;O
OK;OK
OPTION;OPTION
OPTIONEN;OPTIONEN
P;P
PARA101/2;PARA101/2
PARA103/4;PARA103/4
PARA105/6;PARA105/6
PARA107/8;PARA107/8
PARA109/20;PARA109/20
PARA10x;PARA10x
PARA11x;PARA11x
PARA12x;PARA12x
PARA13x;PARA13x
PARA14x;PARA14x
PARA15x;PARA15x
PARAM;PARAM
PARAMER 1;PARAMER 1
PARAMETER1;PARAMETER1
PM_AM;0
POSITIONEN;POSITIONEN
Pos 0: ;Pos 0: 
Pos 0: Auf Leer;Pos 0: Auf Leer
Pos 0: ZURüCK;Pos 0: ZURüCK
Pos 1: ;Pos 1: 
Pos 1: Ab Leer;Pos 1: Ab Leer
Pos 1: VOR;Pos 1: VOR
Pos 2: ;Pos 2: 
Pos 2: Auf Voll;Pos 2: Auf Voll
Pos 3: ;Pos 3: 
Pos 3: Ab Voll schnell;Pos 3: Ab Voll schnell
Pos 4: ;Pos 4: 
Pos 4: Ab Voll Kraft;Pos 4: Ab Voll Kraft
Pos 5: ;Pos 5: 
Pos 6: ;Pos 6: 
Pos 7: ;Pos 7: 
Q;Q
R;R
Rampenwert;Rampenwert
S;S
SETUP ST02;SETUP ST02
ST101 GEHÄUSE LADEN;ST101 GEHÄUSE LADEN
ST101/2;ST101/2
ST102-1 ACHSEN1;ST102-1 ACHSEN1
ST102-1 ACHSEN2;ST102-1 ACHSEN2
ST102-2 ACHSEN1;ST102-2 ACHSEN1
ST102-2 ACHSEN2;ST102-2 ACHSEN2
ST102-2 DOSIEREN;ST102-2 DOSIEREN
ST103 GEWEBETRANSPORT;ST103 GEWEBETRANSPORT
ST103/4;ST103/4
ST104 SCHWEISSEN;ST104 SCHWEISSEN
ST105 LASER SCHNEIDEN;ST105 LASER SCHNEIDEN
ST105;ST105
ST105/6;ST105/6
ST107/8;ST107/8
ST109/20;ST109/20
ST110 RFID-RING LADEN [1/2];ST110 RFID-RING LADEN [1/2]
ST110 RFID-RING LADEN [2/2];ST110 RFID-RING LADEN [2/2]
ST110;ST110
ST110[1];ST110[1]
ST110[2];ST110[2]
ST115 KRISTAL MODUL LADEN [1/2];ST115 KRISTAL MODUL LADEN [1/2]
ST115 KRISTAL MODUL LADEN [2/2];ST115 KRISTAL MODUL LADEN [2/2]
ST115;ST115
ST115[1];ST115[1]
ST115[2];ST115[2]
ST11x;ST11x
ST120;ST120
ST125;ST125
ST130;ST130
ST135;ST135
ST140;ST140
ST145;ST145
ST150;ST150
ST155;ST155
State;State
State0; NOT-AUS
State1; ENERGIEFREI
State10; BEENDEN
State11; LEERFAHREN
State12; AUTOMATIK
State2; ENERGIE OK
State3; HOMING
State4; MANUELL
State5; INITIALISIERE
State6; BEREIT
State7; STOPP
State8; ALARM
State9; STEP
State@PPO_PLC1.HMI.enState@;State@PPO_PLC1.HMI.enState@
StateColor\tIID\tTID\tAlarm Text\tOn\tOff\tACK;StateColor\tIID\tTID\tAlarm Text\tOn\tOff\tACK
T;T
TEMP IO [Stk.] :;TEMP IO [Stk.] :
TEMP NIO [Stk.] :;TEMP NIO [Stk.] :
TODO: INTERFACE ROBOT - FEEDER;TODO: INTERFACE ROBOT - FEEDER
TOTAL IO [Stk.] :;TOTAL IO [Stk.] :
TOTAL NIO [Stk.] :;TOTAL NIO [Stk.] :
TOTAL [h] :;TOTAL [h] :
U;U
User0; LOGED OUT
User1; OPERATOR
User2; EINRICHTER
User3; ADMINISTRATOR
User4; HELPTEC
User@CO_userLevel@;User@CO_userLevel@
V;V
W;W
Weg ABS max;Weg ABS max
Weg ABS min;Weg ABS min
Weg DIF max;Weg DIF max
Weg DIF min;Weg DIF min
X;X
Y;Y
Z;Z
ZYKL. KETTE;ZYKL. KETTE
[1] ROBOT GET;[1] ROBOT GET
[2] ROBOT SET;[2] ROBOT SET
[3] FEEDER\n105.20;[3] FEEDER\n105.20
\;\
_;_
a;a
abc;abc
b;b
c;c
d;d
e;e
f;f
g;g
h;h
i;i
j;j
k;k
l;l
m;m
n;n
n-CYCLES;n-CYCLES
o;o
p;p
q;q
r;r
s;s
t;t
tAbrollen;tAbrollen
tAufrollen;tAufrollen
tDOWN;tDOWN
tSchweissen max;tSchweissen max
tSchweissen min;tSchweissen min
tSchweissen;tSchweissen
tUP;tUP
u;u
v;v
w;w
white->green;white->green
white->red;white->red
white->yellow;white->yellow
x;x
y;y
z;z

